0,1
44_0_contrast1.1_brightness2.2_sharpness0.92.jpg,"[1.8389694546996402, 0.6418890885515525, 2]"
33_T_gamma0.7_equalization16.0.jpg,"[1.871192648594089, nan, 1]"
32_9_brightness10.0_contrast1.0.jpg,"[1.891918785925364, nan, 1]"
35_9_sharpness0.6_contrast0.83_equalization15.0.jpg,"[1.905208032743074, nan, 1]"
26_S_gamma1.0_contrast0.88_equalization24.0.jpg,"[1.920731686421266, nan, 1]"
46_3_sharpness0.12_gamma0.81.jpg,"[1.93089166272222, nan, 1]"
46_P_brightness17.0_sharpness0.42_contrast0.82.jpg,"[1.978579765373554, nan, 1]"
25_7_brightness21.0_gamma0.74.jpg,"[1.993229793948222, nan, 1]"
25_P_sharpness0.33_contrast0.87_brightness22.0.jpg,"[1.993339803380405, nan, 1]"
27_9_contrast0.88_gamma0.53.jpg,"[1.995577675345972, nan, 1]"
45_T_contrast0.83_sharpness0.99_gamma0.79.jpg,"[2.022481480917225, nan, 1]"
18_B_gamma0.72_brightness3.6_contrast0.88.jpg,"[2.037166340512813, nan, 1]"
9_1_contrast0.95_equalization11.0.jpg,"[2.06617797816386, 0.0030920451684732834, 2]"
12_7_brightness20.0_contrast1.1_sharpness1.0.jpg,"[2.077363513776267, nan, 1]"
47_2_gamma1.0_contrast0.93_brightness18.0.jpg,"[2.081393924167863, nan, 1]"
16_J_gamma0.93_sharpness0.41_equalization17.0.jpg,"[2.089274307293369, nan, 1]"
20_T_contrast1.1_sharpness0.2_brightness10.0.jpg,"[2.119153183517981, nan, 1]"
5_T_sharpness0.73_brightness3.3_gamma0.6.jpg,"[2.121168342011273, nan, 1]"
15_0_brightness15.0_sharpness0.097_contrast0.88.jpg,"[2.123241167187184, 0.9191207242306071, 2]"
30_S_gamma1.1_brightness1.8.jpg,"[2.126925443920972, nan, 1]"
15_S_contrast0.94_sharpness0.65_equalization7.9.jpg,"[2.129039292567267, nan, 1]"
6_8_sharpness0.31_contrast1.1_equalization11.0.jpg,"[2.140726421920947, nan, 1]"
15_E_sharpness0.96_equalization25.0.jpg,"[2.143631565009205, nan, 1]"
16_9_brightness13.0_contrast0.96_sharpness0.55.jpg,"[2.165142948141052, nan, 1]"
1_Q_brightness19.0_contrast1.1_sharpness0.43.jpg,"[2.167585684432644, nan, 1]"
8_0_sharpness0.53_contrast1.0_equalization17.0.jpg,"[2.173188231610384, nan, 1]"
16_7_gamma0.81_brightness27.0_contrast0.8.jpg,"[2.210251475895928, nan, 1]"
36_9_sharpness0.28_equalization24.0.jpg,"[2.214361184028233, nan, 1]"
3_7_sharpness0.8_brightness28.0_contrast0.9.jpg,"[2.224401531445065, 0.5748006727277026, 2]"
26_7_sharpness0.7_equalization12.0.jpg,"[2.263810476796314, nan, 1]"
26_I_brightness18.0_sharpness0.03.jpg,"[2.266147491739231, nan, 1]"
30_E_gamma0.92_sharpness0.77_equalization16.0.jpg,"[2.269659678501823, 1.0597041136176035, 2]"
45_0_sharpness0.13_contrast0.84_equalization25.0.jpg,"[2.277121888861264, nan, 1]"
19_9_contrast1.2_sharpness0.79.jpg,"[2.303466931654301, nan, 1]"
27_I_contrast0.9_sharpness0.98_equalization30.0.jpg,"[2.3131899404233347, 0.48438914508093384, 3]"
13_1_brightness19.0_sharpness0.8_contrast0.94.jpg,"[2.328310831647056, nan, 1]"
47_T_brightness18.0_sharpness0.91_contrast0.91.jpg,"[2.343817831538473, nan, 1]"
47_I_contrast0.85_gamma0.81_brightness12.0.jpg,"[2.344915752473346, nan, 1]"
47_9_contrast0.81_sharpness0.54.jpg,"[2.355148928568849, nan, 1]"
29_1_gamma0.78_brightness23.0_sharpness0.43.jpg,"[2.3557065861901525, 0.712795420969837, 2]"
8_I_brightness4.1_gamma0.6_sharpness0.49.jpg,"[2.357023818639204, nan, 1]"
5_3_gamma0.77_sharpness0.12_brightness12.0.jpg,"[2.366675965711721, nan, 1]"
28_2_gamma0.64_contrast0.87_equalization4.4.jpg,"[2.3672634631426925, 0.5956263697784642, 4]"
20_T_gamma0.99_contrast0.99_equalization28.0.jpg,"[2.375823602314592, nan, 1]"
31_C_contrast1.2_brightness0.12_gamma0.84.jpg,"[2.393695066221251, nan, 1]"
31_0_brightness20.0_contrast0.8_sharpness0.81.jpg,"[2.397112686217168, 0.28588123651041836, 2]"
27_B_contrast0.82_sharpness0.56_equalization5.4.jpg,"[2.40227317144736, nan, 1]"
2_S_brightness0.81_contrast1.1.jpg,"[2.411564264435139, nan, 1]"
43_7_sharpness0.95_contrast0.97_brightness15.0.jpg,"[2.412914318023097, nan, 1]"
24_C_gamma0.52_sharpness0.057_contrast1.2.jpg,"[2.416477989610716, nan, 1]"
29_E_contrast0.89_sharpness0.5_equalization18.0.jpg,"[2.417935399156845, nan, 1]"
4_T_gamma1.1_sharpness0.74_equalization25.0.jpg,"[2.428517223192453, nan, 1]"
31_S_gamma1.0_contrast1.2_equalization27.0.jpg,"[2.429353941311405, nan, 1]"
30_C_contrast1.0_sharpness1.0_equalization19.0.jpg,"[2.430162170209315, nan, 1]"
2_3_gamma1.0_contrast0.94_equalization11.0.jpg,"[2.430239223418261, nan, 1]"
21_2_brightness26.0_contrast0.83.jpg,"[2.443284660410941, nan, 1]"
31_T_sharpness0.82_gamma0.64_equalization26.0.jpg,"[2.444241930310514, nan, 1]"
10_T_sharpness0.51_gamma0.57_equalization22.0.jpg,"[2.445759207559363, nan, 1]"
18_S_sharpness0.51_gamma1.1_contrast1.1.jpg,"[2.451623307339989, nan, 1]"
28_2_gamma0.82_contrast1.0_sharpness0.41.jpg,"[2.458399570669789, nan, 1]"
20_J_sharpness0.63_equalization16.0.jpg,"[2.4615426490828707, 1.0226858184790455, 2]"
41_T_gamma0.55_sharpness0.43_equalization21.0.jpg,"[2.463863301489109, nan, 1]"
13_7_sharpness0.69_gamma0.62.jpg,"[2.464611216455219, nan, 1]"
21_C_sharpness0.23_gamma0.72.jpg,"[2.4725642879415455, 0.8504556323759059, 2]"
11_P_gamma1.1_sharpness0.91_brightness2.0.jpg,"[2.474851425703115, nan, 1]"
8_T_gamma0.72_brightness22.0.jpg,"[2.477451654578318, nan, 1]"
4_S_sharpness0.51_gamma0.52_brightness7.8.jpg,"[2.48422967276649, nan, 1]"
2_T_sharpness0.64_gamma0.73_equalization23.0.jpg,"[2.491357644122587, nan, 1]"
44_P_brightness2.6_gamma0.51_sharpness0.57.jpg,"[2.505168654962943, nan, 1]"
30_8_sharpness0.28_gamma1.0_equalization4.4.jpg,"[2.511541977838798, nan, 1]"
25_3_brightness25.0_sharpness0.86_gamma0.78.jpg,"[2.5177477941176734, 0.6910929627205468, 4]"
13_S_contrast0.86_brightness25.0_gamma0.68.jpg,"[2.519616935963357, 0.6265750055101511, 3]"
35_1_sharpness0.16_gamma1.1.jpg,"[2.521966941917611, 0.29159432785210976, 2]"
39_7_brightness13.0_sharpness0.54_gamma0.61.jpg,"[2.526501538385, nan, 1]"
41_P_sharpness0.97_equalization27.0.jpg,"[2.5276568044354257, 0.5525754184161633, 4]"
46_I_brightness2.1_contrast0.92_gamma1.0.jpg,"[2.530708827056248, nan, 1]"
40_C_contrast1.1_brightness20.0_sharpness0.58.jpg,"[2.532098736265091, nan, 1]"
11_8_contrast1.0_brightness25.0.jpg,"[2.538790958767186, nan, 1]"
9_I_gamma0.81_contrast0.98_equalization25.0.jpg,"[2.547467462490522, nan, 1]"
10_S_brightness16.0_gamma0.8.jpg,"[2.551029636853809, 0.28467090601242906, 3]"
40_S_brightness20.0_gamma0.69.jpg,"[2.556751555005682, nan, 1]"
6_3_contrast1.1_sharpness0.6_equalization22.0.jpg,"[2.557504498588483, nan, 1]"
31_B_brightness1.9_contrast1.1.jpg,"[2.561005270449683, 0.6620361720703505, 4]"
43_3_gamma1.1_brightness7.6_contrast0.9.jpg,"[2.561959322527756, nan, 1]"
45_2_sharpness0.75_brightness24.0.jpg,"[2.562835487529381, nan, 1]"
12_9_gamma1.0_contrast0.97_equalization6.2.jpg,"[2.571492961774293, nan, 1]"
3_8_sharpness0.26_contrast1.1_equalization28.0.jpg,"[2.583557526491344, nan, 1]"
7_B_sharpness0.75_equalization7.4.jpg,"[2.587649202677359, nan, 1]"
44_7_gamma0.82_sharpness0.4_equalization10.0.jpg,"[2.589949855336108, nan, 1]"
1_S_contrast1.1_sharpness0.42.jpg,"[2.590315576560477, 1.6192183406810108, 2]"
34_8_sharpness0.33_contrast0.87_equalization28.0.jpg,"[2.591745033099102, nan, 1]"
16_I_gamma0.83_contrast0.91_equalization28.0.jpg,"[2.5948050267089746, 0.42466069985386995, 4]"
21_T_contrast0.9_brightness0.7.jpg,"[2.59500293313475, nan, 1]"
46_8_contrast1.0_gamma0.64_equalization30.0.jpg,"[2.599771193360176, nan, 1]"
18_2_sharpness0.15_brightness1.9_gamma0.74.jpg,"[2.601198991570356, nan, 1]"
34_E_brightness9.1_gamma0.92_sharpness0.45.jpg,"[2.602595344691692, nan, 1]"
5_9_sharpness0.22_gamma0.83_contrast0.94.jpg,"[2.607656660680424, nan, 1]"
5_T_contrast1.1_gamma0.8_brightness14.0.jpg,"[2.608630888451166, nan, 1]"
7_P_brightness1.5_gamma0.85_contrast0.92.jpg,"[2.611212728017184, 0.9810197103332067, 2]"
11_1_contrast0.9_brightness26.0.jpg,"[2.614249566789956, nan, 1]"
41_9_brightness6.6_gamma0.92.jpg,"[2.615861283788292, 0.5746120325547629, 4]"
2_8_contrast1.1_brightness6.0_sharpness0.059.jpg,"[2.6160342427710557, 0.3351025259312417, 2]"
24_P_sharpness0.2_gamma0.8_contrast1.0.jpg,"[2.622583355735105, nan, 1]"
38_C_gamma0.85_sharpness0.033_equalization12.0.jpg,"[2.623641196725498, nan, 1]"
29_B_gamma0.53_equalization20.0.jpg,"[2.624994166098045, 0.4860980883386519, 4]"
3_3_gamma0.58_contrast1.1_equalization28.0.jpg,"[2.626237019629384, nan, 1]"
33_7_brightness12.0_contrast0.91_gamma0.78.jpg,"[2.629516898309848, nan, 1]"
9_C_gamma0.91_contrast1.0_equalization23.0.jpg,"[2.639093487854816, nan, 1]"
27_C_gamma1.1_sharpness0.94.jpg,"[2.643687476213912, nan, 1]"
8_0_sharpness0.13_equalization23.0.jpg,"[2.645482032170423, nan, 1]"
31_8_brightness22.0_sharpness0.39.jpg,"[2.647652327032201, nan, 1]"
45_9_gamma0.5_sharpness0.024_equalization32.0.jpg,"[2.649058033977555, 0.15155849104552604, 2]"
43_8_contrast0.88_brightness12.0_sharpness0.78.jpg,"[2.652971904086637, nan, 1]"
40_3_gamma0.94_equalization11.0.jpg,"[2.654616297585553, nan, 1]"
9_8_gamma0.59_sharpness0.18_equalization15.0.jpg,"[2.657712136656439, 0.4841357994995281, 4]"
26_C_contrast0.87_brightness3.2.jpg,"[2.6581175624438247, 0.7190632127483233, 2]"
14_8_contrast0.98_equalization16.0.jpg,"[2.663854347914838, nan, 1]"
46_1_brightness18.0_gamma0.75_contrast0.81.jpg,"[2.664531611418162, nan, 1]"
42_B_sharpness0.23_gamma1.1_brightness28.0.jpg,"[2.665949574082701, 0.7898714201009762, 2]"
36_T_gamma0.86_sharpness0.65.jpg,"[2.670475974557156, nan, 1]"
30_T_sharpness0.41_gamma1.1.jpg,"[2.670526200426913, 0.05638883853812556, 4]"
39_9_contrast1.0_gamma0.6_equalization21.0.jpg,"[2.670561693591172, 0.6022087594174036, 4]"
36_E_gamma1.0_equalization21.0.jpg,"[2.674113408111384, nan, 1]"
26_7_gamma0.83_contrast0.83_equalization8.2.jpg,"[2.6776746598622982, 0.15271217762050054, 4]"
24_S_sharpness0.4_brightness30.0_contrast1.0.jpg,"[2.682321031643913, nan, 1]"
7_9_contrast0.85_brightness1.7_sharpness0.15.jpg,"[2.685955377799945, nan, 1]"
21_T_brightness21.0_gamma0.92.jpg,"[2.686148750009452, 0.5188822665604558, 4]"
4_0_brightness19.0_sharpness0.24.jpg,"[2.687013375185514, nan, 1]"
25_Q_sharpness0.86_contrast0.82_equalization25.0.jpg,"[2.687068309331036, nan, 1]"
47_1_gamma0.75_contrast0.91_equalization10.0.jpg,"[2.687158674658805, nan, 1]"
43_0_gamma1.1_sharpness0.48_equalization16.0.jpg,"[2.687481701493463, nan, 1]"
14_7_contrast0.91_sharpness0.87_equalization15.0.jpg,"[2.688353698704804, nan, 1]"
43_7_gamma1.0_sharpness0.7_equalization5.0.jpg,"[2.689485487187465, nan, 1]"
30_E_gamma0.96_sharpness0.83_equalization20.0.jpg,"[2.691989337695078, 0.24682981266633813, 2]"
46_7_contrast0.9_gamma0.6_brightness30.0.jpg,"[2.6938069260691653, 0.418056056307344, 3]"
30_P_sharpness0.63_equalization6.7.jpg,"[2.6950198888333823, 0.29047875822471364, 2]"
3_9_brightness17.0_contrast1.1.jpg,"[2.6964106437316984, 0.7568413934999159, 4]"
28_E_gamma0.92_sharpness0.96_equalization22.0.jpg,"[2.696860470998802, nan, 1]"
17_7_brightness30.0_contrast0.95_gamma0.93.jpg,"[2.699122342816161, nan, 1]"
18_2_sharpness0.41_contrast0.95_equalization17.0.jpg,"[2.701165122179213, 0.145805457895452, 4]"
34_3_brightness10.0_sharpness0.92.jpg,"[2.701190112408918, 1.0668377650021859, 2]"
32_2_contrast1.1_sharpness0.65_equalization5.8.jpg,"[2.7016420517774113, 0.6676770858770869, 2]"
33_S_sharpness0.43_gamma0.56_equalization8.5.jpg,"[2.701882908557325, nan, 1]"
46_8_sharpness0.46_brightness22.0_contrast0.89.jpg,"[2.704509459622692, nan, 1]"
29_S_contrast1.1_sharpness0.4_gamma0.5.jpg,"[2.704875220816567, nan, 1]"
17_9_contrast1.0_gamma1.0_sharpness0.25.jpg,"[2.713217597475772, 0.5074420975771935, 3]"
33_7_brightness14.0_sharpness0.99.jpg,"[2.713508466691917, 0.6507301784074645, 2]"
23_I_contrast1.0_gamma0.57_equalization29.0.jpg,"[2.716007738633757, nan, 1]"
24_8_sharpness0.38_brightness19.0.jpg,"[2.716019428469381, nan, 1]"
19_1_sharpness0.048_contrast0.91_gamma0.88.jpg,"[2.726850953044151, nan, 1]"
45_B_brightness19.0_gamma0.85_sharpness0.63.jpg,"[2.73019172830583, nan, 1]"
20_B_gamma0.97_contrast1.1.jpg,"[2.731101953522123, nan, 1]"
11_E_contrast0.82_gamma0.86.jpg,"[2.732038584192469, nan, 1]"
45_C_gamma1.0_contrast1.1_equalization27.0.jpg,"[2.735499295982714, 0.3540157517248526, 4]"
8_C_contrast0.87_gamma0.91_equalization25.0.jpg,"[2.743407100227533, nan, 1]"
38_E_contrast1.1_gamma1.0.jpg,"[2.745185029251429, nan, 1]"
14_P_gamma1.0_contrast0.85.jpg,"[2.7506873319608482, 0.585179107826985, 4]"
37_7_brightness3.0_gamma0.5_contrast0.97.jpg,"[2.754359804812881, nan, 1]"
19_1_sharpness0.89_brightness28.0_contrast1.0.jpg,"[2.7546430882462554, 0.31047379447728524, 4]"
38_S_sharpness0.1_contrast0.89_equalization18.0.jpg,"[2.756096889958092, nan, 1]"
12_C_contrast0.86_sharpness0.58_equalization32.0.jpg,"[2.756212537935354, nan, 1]"
2_C_contrast0.95_brightness28.0_sharpness0.69.jpg,"[2.756377253001974, nan, 1]"
33_8_gamma0.83_brightness5.9.jpg,"[2.757142808421854, 0.4303850053719045, 4]"
9_T_sharpness0.48_brightness28.0_contrast0.88.jpg,"[2.759250125494693, nan, 1]"
23_0_sharpness0.18_gamma1.0_brightness23.0.jpg,"[2.764824521629333, nan, 1]"
11_0_gamma0.74_sharpness0.97.jpg,"[2.764837409541422, nan, 1]"
6_8_contrast1.1_sharpness0.88_gamma0.53.jpg,"[2.766892988796712, nan, 1]"
30_3_contrast1.0_gamma0.52_sharpness0.34.jpg,"[2.769108231594582, nan, 1]"
42_B_brightness5.5_sharpness0.12_gamma0.59.jpg,"[2.771149901600004, nan, 1]"
47_E_gamma0.95_equalization14.0.jpg,"[2.775056296081861, nan, 1]"
18_T_gamma0.85_brightness6.9_sharpness0.81.jpg,"[2.780550716545764, nan, 1]"
22_E_contrast1.0_brightness11.0_sharpness0.79.jpg,"[2.787896830205215, nan, 1]"
34_B_contrast0.94_gamma0.92_equalization17.0.jpg,"[2.788395170180109, nan, 1]"
13_3_gamma0.96_contrast0.86_brightness21.0.jpg,"[2.790559515057194, nan, 1]"
7_S_contrast0.96_gamma0.57_equalization5.8.jpg,"[2.791022145513002, nan, 1]"
28_T_contrast0.85_equalization8.9.jpg,"[2.792069067358392, 0.16859877683335614, 4]"
14_P_gamma0.57_brightness19.0.jpg,"[2.7940686404100004, 0.706587869548341, 3]"
12_1_sharpness0.31_contrast0.96_equalization13.0.jpg,"[2.799380440501653, nan, 1]"
47_8_gamma0.85_sharpness0.6_equalization27.0.jpg,"[2.8000504938135187, 0.01674711847971216, 2]"
29_3_sharpness0.058_contrast1.1.jpg,"[2.80024908051996, nan, 1]"
30_2_gamma0.55_equalization19.0.jpg,"[2.8004248218528858, 0.4238788876648455, 4]"
8_I_brightness14.0_gamma0.87_contrast0.87.jpg,"[2.80125619992786, nan, 1]"
9_B_sharpness0.9_contrast1.0_equalization25.0.jpg,"[2.8028858828247576, 0.1847032869270961, 4]"
47_8_sharpness0.04_contrast0.81_equalization23.0.jpg,"[2.807220695948835, nan, 1]"
6_P_contrast0.87_gamma1.0_equalization15.0.jpg,"[2.808766295698206, nan, 1]"
5_B_sharpness0.064_gamma0.63_equalization30.0.jpg,"[2.809966432988348, nan, 1]"
45_2_gamma1.0_contrast1.1_sharpness0.31.jpg,"[2.8119066873594694, 0.6608123704628505, 2]"
34_9_contrast0.95_brightness9.2_gamma0.73.jpg,"[2.814187664078835, nan, 1]"
31_0_sharpness0.05_contrast1.2.jpg,"[2.8165661007151215, 0.18549694849003318, 4]"
26_S_sharpness0.18_contrast1.0_equalization19.0.jpg,"[2.81802725946576, nan, 1]"
2_7_gamma0.88_sharpness0.51_contrast0.99.jpg,"[2.819557106569137, nan, 1]"
42_9_gamma0.81_sharpness0.49_equalization12.0.jpg,"[2.822633922701729, nan, 1]"
4_0_gamma0.95_sharpness0.049_contrast1.0.jpg,"[2.825991093383172, nan, 1]"
29_S_brightness28.0_gamma0.87_contrast1.0.jpg,"[2.826531706393727, nan, 1]"
12_2_sharpness0.83_contrast1.1_equalization8.9.jpg,"[2.827905756459768, nan, 1]"
39_S_sharpness0.69_contrast1.2_equalization19.0.jpg,"[2.829730020108276, nan, 1]"
28_B_gamma0.69_brightness13.0_contrast0.86.jpg,"[2.830768536562665, nan, 1]"
16_T_gamma0.85_contrast0.86_equalization12.0.jpg,"[2.832292120695941, nan, 1]"
37_0_gamma1.0_brightness25.0_sharpness0.7.jpg,"[2.8368387105399075, 0.49720212295055266, 4]"
39_B_gamma1.0_sharpness0.064_equalization29.0.jpg,"[2.836948527807198, nan, 1]"
28_2_gamma0.98_sharpness0.49_equalization25.0.jpg,"[2.837459259695721, nan, 1]"
4_I_brightness4.3_contrast0.91_sharpness0.26.jpg,"[2.840025747801911, nan, 1]"
35_T_contrast1.0_gamma0.55_equalization6.8.jpg,"[2.843037582364489, nan, 1]"
43_1_contrast1.0_gamma0.84_equalization25.0.jpg,"[2.84346846935114, nan, 1]"
3_1_sharpness0.23_gamma0.99_equalization26.0.jpg,"[2.84438236665328, nan, 1]"
47_0_gamma0.91_sharpness0.12_brightness24.0.jpg,"[2.844563360051798, nan, 1]"
30_T_gamma0.78_equalization21.0.jpg,"[2.850269366131931, 0.3554318570192582, 2]"
14_1_contrast1.1_gamma0.94_brightness16.0.jpg,"[2.853465504311066, nan, 1]"
7_E_gamma0.52_contrast1.0_equalization19.0.jpg,"[2.857367288895267, nan, 1]"
4_9_sharpness0.9_contrast1.2_equalization30.0.jpg,"[2.861436536679934, nan, 1]"
17_Q_gamma1.1_brightness18.0_sharpness0.9.jpg,"[2.863829543525392, nan, 1]"
34_B_contrast1.1_sharpness0.32.jpg,"[2.8646955227637063, 0.13839269270773355, 4]"
38_B_brightness17.0_contrast1.0_sharpness0.68.jpg,"[2.864827644153841, nan, 1]"
34_S_contrast1.0_equalization31.0.jpg,"[2.865656620731612, nan, 1]"
16_C_brightness24.0_sharpness0.61_contrast1.2.jpg,"[2.867069418456865, nan, 1]"
20_I_contrast1.2_sharpness0.81_equalization5.2.jpg,"[2.867801437750539, nan, 1]"
36_I_sharpness0.71_brightness14.0_contrast1.1.jpg,"[2.867974171882607, nan, 1]"
34_C_brightness10.0_sharpness0.45_gamma1.1.jpg,"[2.8703922537980504, 0.39930540028877043, 3]"
16_1_sharpness0.68_gamma0.87_brightness28.0.jpg,"[2.871307958875346, nan, 1]"
12_C_gamma0.9_sharpness0.87.jpg,"[2.874089142881632, nan, 1]"
25_8_brightness3.6_sharpness0.12_contrast0.85.jpg,"[2.8779107585716073, 0.8684149332913871, 2]"
41_3_contrast0.87_brightness20.0_sharpness0.099.jpg,"[2.880434915938926, 0.24079621145049895, 4]"
32_2_sharpness0.82_gamma1.0_equalization14.0.jpg,"[2.88124471337523, nan, 1]"
46_B_contrast1.1_equalization29.0.jpg,"[2.881641161412924, nan, 1]"
19_3_contrast1.1_gamma0.98_brightness12.0.jpg,"[2.881789942164059, nan, 1]"
24_T_sharpness0.56_contrast0.98_equalization16.0.jpg,"[2.882400889120444, nan, 1]"
31_S_sharpness0.14_contrast0.93_brightness21.0.jpg,"[2.885270302454446, nan, 1]"
20_7_brightness5.6_contrast1.1_gamma1.1.jpg,"[2.890998282126724, nan, 1]"
25_P_sharpness0.37_brightness17.0.jpg,"[2.89142508766636, nan, 1]"
22_8_gamma0.69_brightness18.0_sharpness0.18.jpg,"[2.891758753493753, nan, 1]"
21_S_sharpness0.62_gamma0.99_equalization9.0.jpg,"[2.89199417585797, nan, 1]"
14_8_contrast0.93_gamma1.1_sharpness0.29.jpg,"[2.892626254660567, nan, 1]"
47_Q_sharpness0.28_brightness7.1_gamma1.0.jpg,"[2.89599908252081, nan, 1]"
3_C_brightness14.0_contrast0.94_sharpness0.32.jpg,"[2.897333943270866, nan, 1]"
18_8_sharpness0.68_brightness27.0_gamma1.0.jpg,"[2.89769974002212, nan, 1]"
45_C_sharpness0.8_equalization13.0.jpg,"[2.900448398367481, 0.39777584534299953, 4]"
29_2_sharpness0.65_gamma0.71_equalization31.0.jpg,"[2.90296139667501, nan, 1]"
22_B_contrast1.0_sharpness0.52_equalization22.0.jpg,"[2.903870735831779, 0.38265704970736353, 4]"
40_P_brightness26.0_sharpness0.049_gamma0.9.jpg,"[2.904227882840871, 0.490906668183139, 2]"
32_8_contrast1.0_brightness29.0_gamma0.68.jpg,"[2.90681211791187, nan, 1]"
39_C_contrast1.0_gamma0.56_sharpness0.099.jpg,"[2.908610843143046, nan, 1]"
30_Q_brightness18.0_gamma0.65_contrast1.1.jpg,"[2.909137839911863, nan, 1]"
31_9_sharpness0.083_contrast0.84_brightness21.0.jpg,"[2.90939241214907, nan, 1]"
43_0_contrast0.88_sharpness0.37_equalization9.9.jpg,"[2.90947404468413, nan, 1]"
5_1_contrast0.94_brightness15.0_gamma0.91.jpg,"[2.911165988000828, nan, 1]"
34_P_contrast0.91_brightness23.0_sharpness0.7.jpg,"[2.911675377763441, nan, 1]"
31_C_gamma0.93_sharpness0.89.jpg,"[2.917844372849813, nan, 1]"
39_S_brightness8.3_sharpness0.97_contrast1.1.jpg,"[2.918504383301018, 0.341329053043369, 4]"
23_3_brightness21.0_sharpness0.68_gamma1.1.jpg,"[2.921384547481826, nan, 1]"
30_2_brightness27.0_contrast1.2.jpg,"[2.9225727094470937, 0.10482152378730171, 2]"
25_9_contrast0.85_gamma0.66_sharpness0.3.jpg,"[2.922736195419001, nan, 1]"
4_2_gamma0.94_brightness5.6_sharpness0.12.jpg,"[2.928712957189287, nan, 1]"
7_T_contrast1.0_brightness21.0.jpg,"[2.928848752965227, nan, 1]"
26_8_contrast0.82_gamma1.0.jpg,"[2.929038897355177, nan, 1]"
17_9_brightness28.0_sharpness0.82_contrast1.1.jpg,"[2.92914144193853, nan, 1]"
11_8_gamma0.93_equalization5.0.jpg,"[2.930081139702393, nan, 1]"
42_8_gamma1.1_sharpness0.5_contrast0.99.jpg,"[2.9306933732965805, 0.4595549015879114, 2]"
36_T_sharpness0.8_contrast1.2.jpg,"[2.930786866566172, nan, 1]"
7_7_sharpness0.13_brightness15.0.jpg,"[2.931356405419214, nan, 1]"
16_B_sharpness0.47_equalization30.0.jpg,"[2.934303146774227, nan, 1]"
18_8_contrast0.91_sharpness0.64_brightness5.8.jpg,"[2.934407943188805, nan, 1]"
6_I_sharpness0.78_contrast0.93.jpg,"[2.934433889610212, nan, 1]"
22_0_sharpness0.068_gamma0.79_equalization29.0.jpg,"[2.934465522714968, nan, 1]"
25_3_gamma0.58_sharpness0.85_equalization15.0.jpg,"[2.935216484144949, nan, 1]"
21_2_sharpness0.099_equalization17.0.jpg,"[2.93560485152085, nan, 1]"
6_0_gamma0.54_contrast0.88.jpg,"[2.939521718288167, nan, 1]"
19_C_sharpness0.73_brightness20.0.jpg,"[2.939833595925518, 0.40454039672094866, 4]"
11_7_brightness23.0_sharpness0.15.jpg,"[2.941303034616197, nan, 1]"
43_I_contrast0.92_sharpness0.65_equalization9.8.jpg,"[2.942837968299737, nan, 1]"
22_S_brightness18.0_gamma0.81_sharpness0.073.jpg,"[2.944005110499812, nan, 1]"
35_P_sharpness0.83_gamma0.78_equalization14.0.jpg,"[2.9448552770854906, 0.6342881478398599, 3]"
32_3_brightness2.4_sharpness0.36.jpg,"[2.947771916348622, nan, 1]"
35_B_brightness5.0_sharpness0.97_contrast0.87.jpg,"[2.9479085347560523, 0.2765729215006854, 4]"
17_2_contrast0.98_equalization10.0.jpg,"[2.949096586173261, nan, 1]"
1_Q_gamma0.69_contrast1.0_sharpness0.39.jpg,"[2.9500908598394844, 0.16845559712138924, 4]"
19_8_contrast1.1_sharpness0.16_equalization25.0.jpg,"[2.950095670237479, nan, 1]"
15_3_contrast0.91_brightness24.0.jpg,"[2.950461194870751, nan, 1]"
32_T_brightness1.1_contrast1.1.jpg,"[2.950875731541819, nan, 1]"
3_B_contrast1.1_equalization18.0.jpg,"[2.954799570260268, nan, 1]"
11_P_contrast1.1_gamma0.9_equalization20.0.jpg,"[2.954972342086886, nan, 1]"
13_S_brightness6.9_gamma1.0_sharpness1.0.jpg,"[2.955762479406844, nan, 1]"
34_T_sharpness0.12_contrast1.2_equalization30.0.jpg,"[2.955862575323124, nan, 1]"
47_S_gamma0.89_sharpness0.23_equalization30.0.jpg,"[2.958050444682387, nan, 1]"
42_B_sharpness0.49_equalization27.0.jpg,"[2.958160264629481, nan, 1]"
38_I_contrast0.81_equalization20.0.jpg,"[2.959195170543992, nan, 1]"
24_C_gamma0.71_sharpness0.93_contrast1.2.jpg,"[2.9621814044531316, 0.36472439273734303, 3]"
15_I_contrast1.0_sharpness0.24_equalization19.0.jpg,"[2.962799441359092, 0.5283907386248837, 2]"
5_B_gamma0.84_equalization22.0.jpg,"[2.964337883865393, nan, 1]"
24_3_contrast1.2_sharpness0.36_equalization30.0.jpg,"[2.964572674943401, nan, 1]"
35_E_brightness0.65_gamma1.1.jpg,"[2.965376330352677, 0.6828571037247761, 4]"
35_B_gamma0.58_sharpness0.76.jpg,"[2.965948316050512, nan, 1]"
33_T_gamma0.92_contrast1.1_equalization25.0.jpg,"[2.9675282823452935, 0.4869579330545012, 3]"
12_S_sharpness0.67_contrast0.96_gamma0.61.jpg,"[2.971388029390181, nan, 1]"
30_C_contrast0.86_brightness18.0_gamma1.0.jpg,"[2.971676905316222, nan, 1]"
38_B_gamma1.0_contrast0.83_equalization15.0.jpg,"[2.972236583159309, nan, 1]"
5_C_contrast0.97_equalization23.0.jpg,"[2.974331136461458, nan, 1]"
24_8_gamma1.0_sharpness0.61_equalization15.0.jpg,"[2.977650451332691, nan, 1]"
28_S_gamma0.56_brightness0.36_sharpness0.67.jpg,"[2.978356914859627, 0.38852855671782877, 4]"
9_3_gamma0.75_brightness20.0_contrast0.94.jpg,"[2.983061720341901, nan, 1]"
36_3_contrast0.88_gamma0.56.jpg,"[2.9834340792075693, 0.5245356573797181, 3]"
4_I_gamma0.98_sharpness0.66_equalization7.6.jpg,"[2.983852363950858, nan, 1]"
5_8_brightness4.1_sharpness0.25.jpg,"[2.985384261265083, nan, 1]"
14_1_gamma0.86_brightness17.0_contrast0.92.jpg,"[2.98599956576212, nan, 1]"
44_S_contrast0.91_sharpness0.4.jpg,"[2.988964159241314, nan, 1]"
18_0_sharpness0.95_gamma0.72_contrast0.98.jpg,"[2.990379829410085, nan, 1]"
25_8_contrast0.84_gamma0.9_equalization21.0.jpg,"[2.990506482532459, nan, 1]"
36_I_sharpness0.57_brightness18.0_contrast1.1.jpg,"[2.9924876514321492, 0.621559985161786, 4]"
37_1_gamma0.86_brightness27.0_sharpness0.93.jpg,"[2.992681802833209, nan, 1]"
18_2_gamma0.87_sharpness0.79_equalization29.0.jpg,"[2.9945520031405515, 0.3308132951424607, 4]"
19_0_gamma0.51_contrast1.2_equalization15.0.jpg,"[2.995205769969303, nan, 1]"
32_7_gamma1.1_contrast1.0_equalization18.0.jpg,"[2.996309744498278, nan, 1]"
38_B_brightness3.6_sharpness0.2.jpg,"[2.997527645237333, nan, 1]"
7_B_contrast0.96_sharpness0.47_brightness25.0.jpg,"[2.99880126080892, nan, 1]"
19_1_gamma1.1_sharpness0.4_equalization23.0.jpg,"[3.000098920931132, nan, 1]"
16_S_brightness5.1_sharpness0.8_contrast1.0.jpg,"[3.000768524137661, nan, 1]"
7_C_gamma0.75_sharpness0.13_contrast0.92.jpg,"[3.001271014588528, nan, 1]"
32_9_sharpness0.21_gamma1.1.jpg,"[3.00239148925737, nan, 1]"
25_E_sharpness0.32_contrast0.81_gamma0.98.jpg,"[3.003766970345513, nan, 1]"
6_8_gamma0.7_equalization16.0.jpg,"[3.004246371057709, 0.688957042017173, 4]"
15_8_gamma0.93_sharpness0.2_equalization30.0.jpg,"[3.005235914236871, nan, 1]"
28_8_sharpness0.98_gamma0.9_brightness10.0.jpg,"[3.007242881606656, nan, 1]"
43_7_gamma1.0_contrast0.82_equalization8.7.jpg,"[3.008098243326394, nan, 1]"
3_P_contrast1.0_gamma1.1_equalization23.0.jpg,"[3.014743852905541, nan, 1]"
22_0_sharpness0.56_brightness11.0_contrast0.9.jpg,"[3.015204483881569, nan, 1]"
13_3_contrast1.1_sharpness0.88_gamma0.62.jpg,"[3.01876417648139, nan, 1]"
36_I_sharpness0.93_equalization29.0.jpg,"[3.0188811242103113, 0.39533116473095, 3]"
14_3_brightness8.4_sharpness0.78.jpg,"[3.019295497736427, 0.9663212356143, 2]"
40_S_sharpness0.024_gamma0.69_equalization8.4.jpg,"[3.020069826647537, nan, 1]"
31_2_gamma0.84_contrast1.1_equalization30.0.jpg,"[3.021538560252791, nan, 1]"
39_0_contrast1.0_brightness2.7.jpg,"[3.0235845610138186, 0.4685755257864211, 3]"
7_3_gamma0.54_contrast1.2_sharpness0.77.jpg,"[3.024121232828329, nan, 1]"
23_I_brightness24.0_gamma1.0_sharpness0.76.jpg,"[3.02459501078767, nan, 1]"
23_P_contrast1.2_gamma0.64_sharpness0.76.jpg,"[3.024798778914337, nan, 1]"
31_Q_contrast1.1_sharpness0.92_gamma0.87.jpg,"[3.026623447267652, nan, 1]"
24_8_brightness19.0_contrast1.1_sharpness0.25.jpg,"[3.029431205777136, nan, 1]"
18_3_contrast1.1_brightness23.0.jpg,"[3.02944998594228, nan, 1]"
11_2_sharpness0.13_gamma0.92_equalization8.1.jpg,"[3.030297230109119, nan, 1]"
5_2_contrast0.87_brightness14.0.jpg,"[3.031006056441118, 0.6287080336377586, 4]"
34_B_sharpness0.68_brightness1.1_gamma0.86.jpg,"[3.0315537520262312, 0.2567660940613299, 4]"
11_C_sharpness0.61_gamma0.8_equalization9.2.jpg,"[3.032262390508107, nan, 1]"
27_7_sharpness0.27_brightness1.7.jpg,"[3.0356956162963673, 0.5231287896706411, 4]"
1_3_sharpness0.93_gamma0.97.jpg,"[3.037038945154785, nan, 1]"
10_8_brightness28.0_contrast1.0_sharpness0.12.jpg,"[3.037080634096852, nan, 1]"
12_T_sharpness0.57_equalization17.0.jpg,"[3.03723473617499, nan, 1]"
32_2_contrast0.99_sharpness0.1_equalization6.1.jpg,"[3.037776911981735, nan, 1]"
3_C_sharpness0.83_gamma0.99_equalization21.0.jpg,"[3.038943018730083, 0.5001642390832679, 4]"
19_0_sharpness0.17_gamma1.1_equalization30.0.jpg,"[3.0391165634215733, 0.22945476292432218, 4]"
3_0_sharpness0.39_contrast1.0.jpg,"[3.03950398203765, nan, 1]"
5_C_gamma0.84_sharpness0.42.jpg,"[3.03983657179576, nan, 1]"
3_9_sharpness0.78_contrast1.0_equalization28.0.jpg,"[3.043306041772315, 0.6670386946982614, 3]"
45_9_brightness18.0_gamma0.79_sharpness0.54.jpg,"[3.044098266261308, 0.15081155548847797, 2]"
19_9_sharpness0.36_gamma0.53_equalization22.0.jpg,"[3.045084041118943, nan, 1]"
34_2_contrast1.0_equalization11.0.jpg,"[3.0457755499846226, 0.3438489648255921, 4]"
11_S_contrast0.82_gamma1.1_sharpness0.52.jpg,"[3.046675029875054, nan, 1]"
23_8_sharpness0.26_equalization25.0.jpg,"[3.049002629523943, nan, 1]"
25_J_gamma1.1_sharpness0.81_brightness0.34.jpg,"[3.049200794084218, nan, 1]"
22_E_sharpness0.76_gamma1.1_equalization27.0.jpg,"[3.049551268481376, nan, 1]"
13_8_sharpness0.99_gamma0.9_equalization20.0.jpg,"[3.052796840514382, nan, 1]"
20_2_sharpness0.09_brightness28.0_gamma0.56.jpg,"[3.054129784682554, nan, 1]"
34_9_contrast0.84_sharpness0.24.jpg,"[3.055321747966155, nan, 1]"
39_Q_gamma1.1_brightness29.0.jpg,"[3.055924498111952, nan, 1]"
30_C_brightness11.0_contrast1.2.jpg,"[3.056261240552849, nan, 1]"
34_T_contrast0.89_sharpness0.11_equalization26.0.jpg,"[3.058956967790196, nan, 1]"
31_0_gamma0.65_sharpness0.4_equalization31.0.jpg,"[3.0604614892660185, 0.4960429073914318, 4]"
15_P_brightness26.0_sharpness0.34_gamma0.67.jpg,"[3.061569314817057, nan, 1]"
44_S_contrast1.2_gamma1.1.jpg,"[3.0662066376245556, 0.4112695301489084, 4]"
11_C_contrast0.91_sharpness0.71_equalization8.9.jpg,"[3.068042839609774, nan, 1]"
28_3_gamma0.98_brightness18.0.jpg,"[3.068100626283349, nan, 1]"
46_0_sharpness0.17_gamma0.84_equalization15.0.jpg,"[3.07006258987334, nan, 1]"
27_C_gamma1.1_contrast1.2_equalization31.0.jpg,"[3.074458658647212, nan, 1]"
40_0_sharpness0.95_contrast0.82_equalization23.0.jpg,"[3.075854534915996, 0.16708144719635384, 2]"
7_S_gamma0.66_equalization25.0.jpg,"[3.0759602650820206, 0.4953639194606713, 3]"
37_P_gamma0.99_contrast1.0_equalization7.8.jpg,"[3.076527288879976, nan, 1]"
33_8_gamma0.5_contrast0.86_sharpness0.64.jpg,"[3.078243228759407, nan, 1]"
19_I_gamma0.82_sharpness0.86.jpg,"[3.078494866564044, nan, 1]"
28_9_sharpness0.98_gamma0.94_brightness26.0.jpg,"[3.079857077517566, nan, 1]"
44_T_sharpness0.85_gamma0.63_equalization22.0.jpg,"[3.082752162177229, nan, 1]"
2_2_gamma0.88_equalization17.0.jpg,"[3.084991590711585, nan, 1]"
9_E_gamma0.95_equalization19.0.jpg,"[3.086056224163853, nan, 1]"
26_7_sharpness0.52_brightness2.5_contrast0.94.jpg,"[3.086261566649883, nan, 1]"
45_1_sharpness0.82_contrast1.2_equalization14.0.jpg,"[3.086596194627013, nan, 1]"
13_2_gamma1.1_equalization29.0.jpg,"[3.086789067277889, nan, 1]"
10_S_contrast1.1_brightness9.0_sharpness0.88.jpg,"[3.087393803279193, nan, 1]"
24_1_sharpness0.2_brightness28.0_gamma1.1.jpg,"[3.087746655242199, 0.16018481655834801, 4]"
3_T_brightness16.0_sharpness0.42.jpg,"[3.0882959503771312, 0.3746177592157147, 4]"
24_8_contrast0.99_brightness28.0.jpg,"[3.089029840402173, nan, 1]"
1_E_gamma1.1_contrast0.89_equalization22.0.jpg,"[3.090994247579476, nan, 1]"
5_2_gamma1.0_sharpness0.75_equalization11.0.jpg,"[3.092043908547624, nan, 1]"
31_Q_sharpness0.13_gamma0.89_contrast0.99.jpg,"[3.092726885655477, nan, 1]"
45_E_sharpness0.64_contrast0.85_gamma0.9.jpg,"[3.093367756842616, nan, 1]"
36_9_sharpness0.86_brightness7.7_gamma0.97.jpg,"[3.093598770127182, 0.12509427293592826, 4]"
44_7_brightness5.0_sharpness0.26.jpg,"[3.0953084660364576, 0.5967704820175619, 2]"
32_S_gamma0.71_contrast0.87_equalization8.2.jpg,"[3.096150441272843, 0.24870632457476782, 4]"
1_8_brightness11.0_sharpness0.47_gamma0.85.jpg,"[3.098095414730741, nan, 1]"
9_E_contrast1.0_sharpness0.97_gamma1.0.jpg,"[3.100181371526356, nan, 1]"
44_T_contrast0.83_equalization11.0.jpg,"[3.100340800301121, 0.30955857073032284, 4]"
22_0_brightness10.0_gamma0.6_sharpness0.42.jpg,"[3.100743338225901, nan, 1]"
14_T_gamma0.66_equalization25.0.jpg,"[3.101353426652773, nan, 1]"
16_P_gamma0.61_brightness20.0_contrast0.83.jpg,"[3.103073457249524, nan, 1]"
39_S_sharpness0.68_gamma0.77_equalization18.0.jpg,"[3.103777737354801, nan, 1]"
22_7_contrast1.0_gamma0.71.jpg,"[3.1039825578278792, 0.04485999941686198, 2]"
34_0_brightness20.0_sharpness0.17_gamma0.63.jpg,"[3.10481174834609, nan, 1]"
23_B_gamma0.5_contrast0.89_equalization5.1.jpg,"[3.107210390395855, nan, 1]"
9_E_sharpness0.38_contrast0.81_brightness8.8.jpg,"[3.108511288223132, nan, 1]"
5_0_contrast1.0_sharpness0.13_gamma0.76.jpg,"[3.108836981832468, 0.5140757693557378, 4]"
19_E_contrast1.1_equalization5.7.jpg,"[3.110228829735843, nan, 1]"
37_C_contrast1.1_gamma0.75_sharpness0.61.jpg,"[3.1114178701845594, 0.13359524559125507, 4]"
29_I_contrast0.87_brightness7.8.jpg,"[3.112307000076717, 0.1730717283152929, 4]"
37_2_contrast0.95_sharpness0.2.jpg,"[3.112348486246499, nan, 1]"
21_C_gamma0.56_equalization12.0.jpg,"[3.1126256555138765, 0.1843633862823952, 4]"
32_8_gamma1.0_sharpness0.25_equalization7.5.jpg,"[3.114172807509012, nan, 1]"
9_I_gamma0.64_brightness0.35_sharpness0.62.jpg,"[3.114492187125043, nan, 1]"
32_C_sharpness0.85_brightness2.8.jpg,"[3.1149407782091574, 0.3028663113926671, 2]"
3_3_sharpness0.75_gamma0.99.jpg,"[3.115164791727873, 0.7711977568649606, 4]"
18_S_gamma0.68_sharpness0.15.jpg,"[3.117115192758523, 1.6627144982026238, 2]"
33_T_sharpness0.98_contrast1.1_brightness4.9.jpg,"[3.117192200196772, nan, 1]"
17_S_gamma0.86_contrast1.1.jpg,"[3.1217681578815304, 0.4672551553162244, 4]"
10_S_brightness5.1_gamma0.57_sharpness0.81.jpg,"[3.122149435136952, nan, 1]"
38_1_contrast0.93_sharpness0.2_equalization32.0.jpg,"[3.12280619632467, nan, 1]"
6_8_brightness3.1_gamma0.63.jpg,"[3.124042253504107, nan, 1]"
23_0_contrast1.2_gamma1.0_brightness15.0.jpg,"[3.1252759050629013, 0.1896249785228531, 3]"
19_2_sharpness0.25_gamma1.0_equalization8.8.jpg,"[3.125319133581103, nan, 1]"
33_I_gamma0.78_brightness21.0_sharpness0.27.jpg,"[3.125528208015728, nan, 1]"
22_8_contrast0.8_sharpness0.95_equalization20.0.jpg,"[3.125868556933866, nan, 1]"
19_T_sharpness0.38_brightness12.0_contrast0.98.jpg,"[3.125988599158716, nan, 1]"
40_1_gamma0.52_brightness7.0_sharpness0.98.jpg,"[3.126806131956711, nan, 1]"
43_C_contrast1.1_equalization23.0.jpg,"[3.126993250481456, nan, 1]"
44_9_gamma0.73_equalization26.0.jpg,"[3.1288600502853217, 0.12190345811115207, 3]"
31_P_contrast1.1_brightness3.7_gamma0.86.jpg,"[3.129860134675144, nan, 1]"
22_8_contrast1.1_gamma0.74_sharpness0.92.jpg,"[3.129905633771918, 0.09725602408973665, 2]"
7_1_gamma0.79_brightness16.0.jpg,"[3.130609038010923, 0.395156339187966, 4]"
2_E_contrast1.0_sharpness0.68_equalization7.2.jpg,"[3.1323866944745813, 0.6507642302143527, 2]"
7_3_contrast0.91_equalization14.0.jpg,"[3.132781846297094, nan, 1]"
37_C_sharpness0.014_contrast0.97_equalization18.0.jpg,"[3.132783199499145, nan, 1]"
8_9_contrast0.88_equalization25.0.jpg,"[3.133014824396395, 0.15084005539766024, 4]"
26_I_brightness8.9_sharpness0.36_gamma0.9.jpg,"[3.133977922261873, nan, 1]"
32_S_gamma0.79_brightness24.0_contrast0.94.jpg,"[3.1346041158988136, 1.660472349689278, 2]"
5_C_gamma1.0_brightness2.1_contrast0.98.jpg,"[3.136408496385573, nan, 1]"
8_Q_contrast1.1_sharpness0.027_equalization31.0.jpg,"[3.138574242896327, nan, 1]"
5_9_contrast1.1_equalization29.0.jpg,"[3.140361713176185, nan, 1]"
41_2_sharpness0.22_brightness29.0_gamma0.92.jpg,"[3.1403663294096624, 0.3118362215781065, 4]"
41_3_contrast0.92_sharpness0.95.jpg,"[3.140622050518792, nan, 1]"
20_8_contrast1.1_sharpness0.93_equalization6.1.jpg,"[3.141205439339819, nan, 1]"
40_B_contrast1.0_equalization13.0.jpg,"[3.1425944663634438, 0.3680961255896325, 4]"
29_9_contrast0.99_gamma0.85_equalization5.7.jpg,"[3.145074840426708, nan, 1]"
17_7_sharpness0.87_equalization23.0.jpg,"[3.1453889923806257, 0.08879745389347721, 4]"
27_I_gamma0.98_brightness23.0.jpg,"[3.146886055636825, nan, 1]"
32_3_gamma0.63_brightness14.0_sharpness0.66.jpg,"[3.147005462151584, nan, 1]"
30_T_contrast0.85_sharpness0.96_equalization17.0.jpg,"[3.147793889075252, nan, 1]"
18_S_sharpness0.17_gamma0.77.jpg,"[3.1482755550813, 0.3174997749515048, 4]"
16_9_contrast0.93_sharpness0.22_brightness8.5.jpg,"[3.149321001859197, nan, 1]"
38_I_gamma1.1_sharpness0.36_contrast1.0.jpg,"[3.149543502284068, nan, 1]"
13_9_contrast0.93_sharpness0.61.jpg,"[3.152993475805386, nan, 1]"
11_E_gamma0.87_contrast1.1_equalization17.0.jpg,"[3.153017660745006, nan, 1]"
17_0_contrast1.0_sharpness0.37_equalization30.0.jpg,"[3.153253543062484, nan, 1]"
22_B_brightness25.0_sharpness0.82_gamma0.53.jpg,"[3.155861424490464, nan, 1]"
21_3_sharpness0.79_gamma0.71_equalization15.0.jpg,"[3.156569797219972, nan, 1]"
16_Q_gamma1.0_contrast0.99.jpg,"[3.157489750552184, 0.40124892544488355, 4]"
1_E_gamma0.71_brightness2.6.jpg,"[3.157675508711731, nan, 1]"
8_9_gamma0.97_brightness8.1.jpg,"[3.1603488721598323, 0.1733712798835062, 4]"
26_0_sharpness0.88_contrast0.89_equalization14.0.jpg,"[3.16180034705537, nan, 1]"
30_0_contrast1.1_equalization26.0.jpg,"[3.1633517761548573, 0.35407678031194595, 4]"
36_1_gamma0.95_sharpness0.59.jpg,"[3.163388324627332, nan, 1]"
45_1_contrast1.1_gamma0.54.jpg,"[3.163772401282842, nan, 1]"
10_B_contrast1.0_gamma0.72.jpg,"[3.1659327486428523, 0.4344802058882601, 4]"
2_Q_brightness16.0_sharpness0.34_gamma0.59.jpg,"[3.166901094091496, nan, 1]"
10_0_brightness3.4_gamma1.0_contrast0.95.jpg,"[3.171244176630441, nan, 1]"
14_E_sharpness0.041_brightness18.0_gamma0.83.jpg,"[3.171472122148321, nan, 1]"
47_C_brightness1.8_gamma0.8_contrast1.0.jpg,"[3.175490100463851, nan, 1]"
42_S_sharpness0.12_brightness22.0.jpg,"[3.175689326167106, 0.4193407785760269, 4]"
11_T_gamma0.89_equalization9.1.jpg,"[3.1773092415865016, 0.46392215965859485, 4]"
10_1_brightness9.1_gamma1.0.jpg,"[3.178139365328589, nan, 1]"
16_7_sharpness0.46_contrast1.1.jpg,"[3.178216767271836, nan, 1]"
37_9_contrast0.96_gamma0.95.jpg,"[3.18109020819881, nan, 1]"
8_8_contrast1.1_gamma0.78_sharpness0.18.jpg,"[3.1822051606835164, 0.9495945260499067, 4]"
18_P_brightness13.0_contrast1.2.jpg,"[3.182368751837051, nan, 1]"
35_E_gamma0.99_brightness3.7_sharpness0.58.jpg,"[3.183692127694374, nan, 1]"
7_8_contrast0.98_brightness3.5.jpg,"[3.1843994263347044, 0.6560174460556661, 4]"
6_8_contrast1.0_brightness9.1_gamma1.1.jpg,"[3.185210812603142, nan, 1]"
23_7_gamma0.86_brightness29.0.jpg,"[3.18530390035515, nan, 1]"
33_T_contrast1.1_gamma0.7_equalization25.0.jpg,"[3.1903371909688243, 0.431306727192811, 2]"
46_C_brightness19.0_gamma0.92_contrast1.1.jpg,"[3.191211019166201, nan, 1]"
10_7_brightness16.0_sharpness0.14.jpg,"[3.191722114705639, nan, 1]"
6_C_brightness0.59_sharpness0.29.jpg,"[3.19339566783647, nan, 1]"
2_0_gamma0.96_contrast0.82_equalization4.5.jpg,"[3.193727148553397, nan, 1]"
20_0_sharpness0.64_brightness22.0.jpg,"[3.196633363979751, nan, 1]"
25_E_gamma0.87_sharpness0.24_contrast1.1.jpg,"[3.19958116736497, nan, 1]"
37_P_contrast1.1_equalization6.4.jpg,"[3.201661228205977, nan, 1]"
23_2_brightness1.7_contrast1.0_sharpness0.5.jpg,"[3.20242309363444, nan, 1]"
27_I_sharpness0.32_gamma0.95_equalization16.0.jpg,"[3.203607646836684, nan, 1]"
27_3_brightness24.0_sharpness0.087.jpg,"[3.204548059856236, nan, 1]"
11_7_contrast1.1_gamma0.54_equalization11.0.jpg,"[3.20560949714574, nan, 1]"
40_I_gamma0.76_contrast0.91_equalization19.0.jpg,"[3.20592067981284, 0.6331498599051203, 4]"
6_C_contrast0.89_equalization30.0.jpg,"[3.209362604893714, nan, 1]"
19_I_sharpness0.25_brightness1.0.jpg,"[3.210254681964571, nan, 1]"
11_8_contrast1.1_sharpness0.43_equalization8.6.jpg,"[3.212137175813188, nan, 1]"
44_S_sharpness0.29_gamma0.67_equalization24.0.jpg,"[3.213093923060307, 0.11611529154497963, 4]"
43_B_contrast0.92_brightness7.7.jpg,"[3.215280856742916, nan, 1]"
34_P_contrast1.0_sharpness0.063_equalization13.0.jpg,"[3.2153071446376726, 0.5765193847245892, 4]"
3_1_contrast1.1_equalization20.0.jpg,"[3.2161439247756585, 0.055889962563483594, 2]"
28_T_gamma1.0_contrast0.82_sharpness0.13.jpg,"[3.216813058488734, nan, 1]"
47_E_gamma0.79_contrast1.1.jpg,"[3.2169822685116136, 0.4724533019319773, 2]"
26_E_contrast1.1_sharpness0.88_equalization19.0.jpg,"[3.217059760846741, nan, 1]"
10_T_brightness21.0_contrast1.2_sharpness0.18.jpg,"[3.217866176710833, nan, 1]"
19_Q_contrast0.83_sharpness0.83_equalization23.0.jpg,"[3.218432646745637, nan, 1]"
15_1_brightness12.0_sharpness0.33.jpg,"[3.218717593701826, nan, 1]"
15_E_brightness20.0_gamma1.0.jpg,"[3.221292717285088, nan, 1]"
5_Q_brightness1.7_sharpness0.078.jpg,"[3.224537390602134, nan, 1]"
15_B_sharpness0.54_gamma0.83_equalization27.0.jpg,"[3.225656546420648, nan, 1]"
27_2_brightness20.0_sharpness0.73_contrast0.94.jpg,"[3.226334888970953, nan, 1]"
13_1_gamma0.61_contrast0.91_equalization18.0.jpg,"[3.2272019467477904, 0.5464741995578727, 2]"
47_3_gamma0.65_sharpness0.3.jpg,"[3.227571781248669, nan, 1]"
40_I_contrast1.0_sharpness0.48_brightness28.0.jpg,"[3.228775997063097, nan, 1]"
29_3_sharpness0.63_equalization6.8.jpg,"[3.229492191386792, nan, 1]"
13_B_contrast1.0_gamma0.53_brightness18.0.jpg,"[3.230151309981413, nan, 1]"
12_S_contrast0.94_gamma1.0_equalization9.0.jpg,"[3.230642718179999, nan, 1]"
14_P_gamma0.55_sharpness0.55_contrast1.0.jpg,"[3.231488533284126, nan, 1]"
4_P_gamma1.1_equalization19.0.jpg,"[3.233895613085753, nan, 1]"
13_C_contrast1.0_brightness23.0.jpg,"[3.2352695525031363, 0.48825960535676244, 4]"
23_2_sharpness0.5_gamma0.73.jpg,"[3.2374308581190334, 0.38811911891468887, 4]"
40_8_contrast1.2_equalization11.0.jpg,"[3.237788133205281, nan, 1]"
22_S_gamma0.66_brightness7.4.jpg,"[3.239247512844859, nan, 1]"
8_9_brightness24.0_contrast0.88_gamma0.57.jpg,"[3.2404892602147, nan, 1]"
46_9_brightness14.0_sharpness0.81.jpg,"[3.242377439220654, nan, 1]"
11_0_gamma0.69_sharpness0.65.jpg,"[3.242509625251892, 0.47489887908740364, 4]"
17_9_sharpness0.28_brightness22.0_contrast1.1.jpg,"[3.243755059011671, nan, 1]"
33_I_gamma0.63_brightness27.0_contrast1.1.jpg,"[3.244611836136397, nan, 1]"
42_8_sharpness0.7_gamma0.91_equalization12.0.jpg,"[3.246468707979966, nan, 1]"
39_C_sharpness0.42_contrast1.0_equalization25.0.jpg,"[3.2476904913039744, 1.2261186125602268, 2]"
35_I_contrast0.91_sharpness0.51_equalization21.0.jpg,"[3.251395177911713, nan, 1]"
32_1_contrast1.0_brightness15.0_sharpness0.38.jpg,"[3.254511409028185, nan, 1]"
39_S_gamma0.97_sharpness0.97_brightness26.0.jpg,"[3.2547463875374, nan, 1]"
3_3_sharpness0.64_contrast1.1_gamma0.87.jpg,"[3.255153167726059, nan, 1]"
11_7_gamma0.72_contrast1.1_equalization8.9.jpg,"[3.255282467374712, nan, 1]"
12_E_gamma0.89_contrast1.1.jpg,"[3.256399920480277, 0.3765604739003111, 4]"
28_E_contrast0.96_brightness27.0.jpg,"[3.2571792940658773, 0.2555272543497859, 4]"
20_9_gamma0.94_sharpness0.7_brightness19.0.jpg,"[3.2614203019826, nan, 1]"
43_0_brightness29.0_contrast0.88.jpg,"[3.2616434313075113, 0.35946419002617913, 4]"
24_S_contrast1.1_gamma0.85_equalization4.4.jpg,"[3.269638631594849, nan, 1]"
40_B_contrast1.1_sharpness0.025_equalization9.5.jpg,"[3.270605612006238, nan, 1]"
21_7_contrast1.1_equalization30.0.jpg,"[3.2711018606307927, 0.35537599089486877, 4]"
5_B_contrast0.94_gamma0.74_equalization8.1.jpg,"[3.271131639617748, nan, 1]"
4_8_brightness26.0_contrast1.0.jpg,"[3.272220939216909, nan, 1]"
45_B_gamma0.77_contrast1.1_brightness0.094.jpg,"[3.2723269412011673, 0.23765795243834198, 4]"
40_2_contrast1.2_gamma0.98.jpg,"[3.2732101990459754, 0.04321116826417236, 3]"
25_P_gamma0.61_sharpness0.27.jpg,"[3.2738111874729605, 0.20955041306363217, 4]"
23_1_sharpness0.3_gamma0.74.jpg,"[3.276744871183698, nan, 1]"
28_8_brightness16.0_gamma1.0.jpg,"[3.2812126567364297, 0.4802003153233951, 4]"
44_S_sharpness0.12_brightness2.0_gamma0.74.jpg,"[3.283773890278446, nan, 1]"
33_P_brightness5.0_gamma1.1_contrast0.93.jpg,"[3.283920029870517, nan, 1]"
10_E_gamma0.7_brightness10.0.jpg,"[3.290765004811424, 0.26977458707094226, 4]"
6_3_brightness20.0_sharpness0.18_gamma0.61.jpg,"[3.294946065857385, nan, 1]"
10_B_contrast0.92_equalization4.1.jpg,"[3.2959310052838284, 0.9624063726925167, 2]"
30_2_brightness0.35_gamma0.78_sharpness0.65.jpg,"[3.299262491294296, nan, 1]"
6_9_sharpness0.92_contrast0.8.jpg,"[3.2998639507268375, 0.4720990492938854, 2]"
30_T_brightness11.0_gamma0.65_sharpness0.91.jpg,"[3.300579143410018, 0.4439093782436145, 4]"
22_7_brightness20.0_contrast0.98_sharpness0.57.jpg,"[3.301872674317991, nan, 1]"
23_7_sharpness0.36_contrast1.1_equalization5.8.jpg,"[3.302045392282654, 0.2633389472797505, 4]"
11_1_contrast1.2_gamma0.56_equalization23.0.jpg,"[3.303134740502951, nan, 1]"
31_7_sharpness0.68_equalization20.0.jpg,"[3.30486792881548, nan, 1]"
39_2_sharpness0.25_brightness24.0_contrast0.97.jpg,"[3.305634030288743, nan, 1]"
1_3_sharpness0.66_gamma1.0_equalization11.0.jpg,"[3.308801127837122, nan, 1]"
3_C_gamma1.1_contrast1.1_equalization7.6.jpg,"[3.308986360984068, nan, 1]"
42_1_gamma1.1_brightness2.8.jpg,"[3.309172392051386, nan, 1]"
18_9_contrast0.89_gamma0.55.jpg,"[3.312211787178753, nan, 1]"
20_Q_sharpness0.17_gamma1.1_equalization24.0.jpg,"[3.3122915344051465, 1.0080895960339906, 5]"
24_S_contrast1.2_sharpness0.21_gamma0.79.jpg,"[3.317963148190268, nan, 1]"
4_1_sharpness0.022_contrast0.87.jpg,"[3.319762005712053, nan, 1]"
22_0_gamma0.63_brightness10.0_sharpness0.19.jpg,"[3.3206943761446714, 0.5212519508047068, 4]"
41_8_gamma1.0_brightness6.4.jpg,"[3.3207887502581888, 0.29498441360529354, 4]"
26_E_gamma1.1_sharpness0.44.jpg,"[3.320928894077794, nan, 1]"
41_9_brightness29.0_contrast0.84.jpg,"[3.321116371679339, nan, 1]"
34_T_sharpness0.015_contrast0.87_equalization19.0.jpg,"[3.321489681576743, 0.4574296564653705, 4]"
42_8_contrast0.95_sharpness0.26_gamma0.71.jpg,"[3.325618880492898, nan, 1]"
42_P_brightness16.0_gamma0.56.jpg,"[3.3260910603183, nan, 1]"
32_1_brightness21.0_contrast1.1_sharpness0.37.jpg,"[3.327065502938665, nan, 1]"
29_9_sharpness0.14_contrast1.1_equalization24.0.jpg,"[3.327191931266, nan, 1]"
8_7_gamma0.64_contrast1.1_brightness26.0.jpg,"[3.3283219646319435, 0.44488454253306237, 2]"
9_S_gamma0.76_equalization31.0.jpg,"[3.3284493386517173, 0.6063231394556935, 2]"
3_8_brightness26.0_contrast0.95_gamma0.68.jpg,"[3.329848790396133, nan, 1]"
28_1_contrast0.91_sharpness0.75_equalization22.0.jpg,"[3.332149174640242, nan, 1]"
15_2_gamma0.66_contrast1.0_brightness19.0.jpg,"[3.3328147802748025, 0.16165909490449681, 2]"
33_3_gamma0.66_sharpness0.53_equalization28.0.jpg,"[3.334341635792692, nan, 1]"
32_I_brightness2.2_sharpness0.17.jpg,"[3.33468473360792, nan, 1]"
23_2_sharpness0.37_gamma0.65.jpg,"[3.33771124549273, nan, 1]"
6_0_contrast1.1_sharpness0.19_brightness7.9.jpg,"[3.3408252001636094, 0.3145869535411674, 4]"
37_8_contrast1.0_equalization16.0.jpg,"[3.34283044718434, 0.3752514886485385, 4]"
28_C_gamma0.96_equalization14.0.jpg,"[3.344179704327657, nan, 1]"
9_3_sharpness0.96_contrast0.83_brightness25.0.jpg,"[3.346472613240967, nan, 1]"
1_S_gamma0.67_contrast0.86_equalization25.0.jpg,"[3.346715048055034, nan, 1]"
41_P_sharpness0.73_gamma1.0_equalization13.0.jpg,"[3.348720356235569, nan, 1]"
37_9_brightness12.0_sharpness0.17.jpg,"[3.349858754260292, nan, 1]"
13_2_gamma0.95_brightness19.0_contrast0.83.jpg,"[3.349867886104356, nan, 1]"
41_B_contrast1.1_gamma0.87.jpg,"[3.350497828663396, 0.3180621122314443, 4]"
23_B_gamma0.65_sharpness0.48_equalization8.3.jpg,"[3.350680853861145, nan, 1]"
24_S_brightness18.0_contrast1.0.jpg,"[3.3512596694311445, 0.46144033785063593, 4]"
22_S_sharpness0.2_equalization5.4.jpg,"[3.351436796785262, nan, 1]"
12_I_gamma1.1_sharpness0.17_equalization22.0.jpg,"[3.3549956523966653, 0.49925895106389795, 4]"
45_T_sharpness0.97_brightness5.5_contrast1.1.jpg,"[3.359266203034504, nan, 1]"
23_Q_gamma0.51_contrast0.83.jpg,"[3.3592747110847245, 0.16785774648981389, 4]"
3_P_sharpness0.84_contrast0.95.jpg,"[3.3597324212135447, 0.33002679494230136, 4]"
40_P_brightness19.0_contrast0.92.jpg,"[3.3605667174897693, 0.6756704436484842, 4]"
9_0_contrast0.8_sharpness0.88_brightness15.0.jpg,"[3.363924491812374, 0.7956204795490065, 4]"
29_P_brightness4.2_gamma1.0_contrast1.1.jpg,"[3.369878408587768, 0.44448674917689884, 4]"
43_1_gamma0.57_equalization23.0.jpg,"[3.372615175033428, nan, 1]"
18_9_sharpness0.083_brightness11.0.jpg,"[3.373550252914993, nan, 1]"
25_2_contrast0.84_sharpness0.17_equalization23.0.jpg,"[3.374821759534596, nan, 1]"
20_B_gamma0.84_sharpness0.19_equalization23.0.jpg,"[3.382377211641722, 0.584042456098578, 2]"
47_8_gamma1.0_sharpness0.055_equalization12.0.jpg,"[3.382944798202347, nan, 1]"
37_3_gamma0.72_contrast1.0_equalization30.0.jpg,"[3.384594726311185, 0.11151116240784137, 3]"
30_I_gamma0.55_sharpness0.31_equalization20.0.jpg,"[3.385493912226032, 0.5227554706400194, 4]"
3_I_sharpness0.62_brightness28.0_gamma0.85.jpg,"[3.3856323406464157, 0.4645895138559823, 4]"
18_3_gamma0.85_equalization23.0.jpg,"[3.389768452881617, nan, 1]"
28_S_sharpness0.37_contrast0.85_equalization15.0.jpg,"[3.3920195995527775, 1.0703776131524447, 4]"
35_3_sharpness0.76_brightness16.0.jpg,"[3.392490204541263, nan, 1]"
42_B_contrast1.1_sharpness0.14_equalization28.0.jpg,"[3.393679961131699, nan, 1]"
42_3_gamma1.0_brightness14.0.jpg,"[3.3943442736596845, 0.22978649204970567, 2]"
10_7_contrast0.97_equalization4.7.jpg,"[3.395309918408091, 0.34526342406804733, 2]"
40_8_contrast1.1_brightness25.0_sharpness0.32.jpg,"[3.39557781208289, nan, 1]"
42_T_brightness16.0_gamma0.54_sharpness0.26.jpg,"[3.397987242061648, nan, 1]"
31_E_brightness5.2_gamma0.51.jpg,"[3.400918174616912, nan, 1]"
31_2_brightness9.7_contrast0.87_sharpness0.6.jpg,"[3.402527013643388, nan, 1]"
27_E_brightness28.0_contrast1.0.jpg,"[3.405283963829663, nan, 1]"
47_1_gamma1.0_equalization21.0.jpg,"[3.405585634803084, nan, 1]"
33_B_gamma0.66_equalization22.0.jpg,"[3.408309423735402, nan, 1]"
20_7_sharpness0.48_brightness1.7_gamma0.65.jpg,"[3.408649741964372, nan, 1]"
9_T_contrast1.2_sharpness0.96_brightness6.3.jpg,"[3.409974395466667, 0.2928869960480886, 2]"
33_E_sharpness0.28_gamma0.52_equalization10.0.jpg,"[3.4111947640572886, 0.3807972848134586, 4]"
40_0_gamma0.61_brightness25.0.jpg,"[3.4135159626760734, 0.3918686224482445, 2]"
30_S_gamma0.77_equalization16.0.jpg,"[3.414170003020581, nan, 1]"
34_I_sharpness0.75_gamma0.65_contrast1.0.jpg,"[3.41622884053032, nan, 1]"
6_3_contrast1.1_gamma0.78_sharpness0.4.jpg,"[3.417268214161195, nan, 1]"
20_3_contrast0.96_gamma0.71_equalization11.0.jpg,"[3.420627598527799, nan, 1]"
37_P_brightness3.4_contrast0.93_sharpness0.042.jpg,"[3.4215407743218167, 0.28464004240823154, 2]"
32_7_gamma0.89_contrast1.2_brightness5.8.jpg,"[3.423061808944973, nan, 1]"
2_3_brightness2.6_contrast1.1_sharpness0.3.jpg,"[3.423296832372206, 0.30224288876037103, 3]"
7_B_gamma0.55_contrast1.0.jpg,"[3.428365616272736, nan, 1]"
1_I_sharpness0.57_gamma0.65_equalization11.0.jpg,"[3.429016082140593, nan, 1]"
46_S_brightness24.0_sharpness0.2.jpg,"[3.4309535674680562, 0.5110720804409832, 2]"
18_B_contrast0.81_sharpness0.88_equalization21.0.jpg,"[3.4365510098737007, 0.45907906537423454, 4]"
11_C_contrast1.1_sharpness0.84.jpg,"[3.437298106220833, 0.682511537285284, 4]"
32_T_sharpness0.26_brightness19.0_gamma0.88.jpg,"[3.439143666085907, 0.9999627872544511, 5]"
22_T_sharpness0.54_equalization4.6.jpg,"[3.4485147333076602, 0.8927792110522756, 2]"
18_S_sharpness0.87_contrast1.1.jpg,"[3.448674425738739, nan, 1]"
23_9_gamma1.0_contrast1.2_equalization12.0.jpg,"[3.450152733090016, nan, 1]"
41_1_sharpness0.42_brightness18.0_contrast1.0.jpg,"[3.450512335946214, nan, 1]"
43_P_contrast1.1_gamma0.75_equalization8.4.jpg,"[3.451729334654039, nan, 1]"
4_P_contrast1.1_brightness19.0.jpg,"[3.455827227240452, nan, 1]"
43_0_sharpness0.52_contrast0.84_equalization28.0.jpg,"[3.456313277871014, nan, 1]"
10_9_brightness0.69_gamma0.76.jpg,"[3.4585795658479217, 0.825296885217751, 4]"
23_1_sharpness0.97_contrast0.99_gamma0.94.jpg,"[3.461263354216987, nan, 1]"
40_1_gamma0.78_sharpness0.3_contrast0.88.jpg,"[3.461629562357959, nan, 1]"
7_2_contrast1.1_sharpness0.43.jpg,"[3.46317427801555, nan, 1]"
28_8_contrast1.1_brightness3.4_gamma0.75.jpg,"[3.4645668233227127, 0.3511670143328038, 3]"
4_P_sharpness0.13_gamma0.56.jpg,"[3.4646794356581494, 0.37465711876167546, 2]"
4_I_contrast1.1_brightness18.0_gamma1.1.jpg,"[3.468608339251309, 0.626600431191547, 3]"
42_0_contrast1.0_gamma0.5_equalization11.0.jpg,"[3.471019648207503, 0.4621583464877105, 2]"
23_2_brightness4.2_gamma0.66_contrast0.87.jpg,"[3.477441801022673, nan, 1]"
26_P_brightness19.0_sharpness0.72.jpg,"[3.486541561224456, nan, 1]"
1_E_sharpness0.28_contrast0.84_equalization16.0.jpg,"[3.4877094432715112, 0.6110900636899315, 4]"
8_E_contrast0.94_brightness18.0_sharpness0.67.jpg,"[3.4878773002675154, 0.43931545416409445, 3]"
22_T_sharpness0.19_contrast0.85_equalization17.0.jpg,"[3.491378942612038, nan, 1]"
21_3_brightness0.17_gamma1.1_contrast1.0.jpg,"[3.491677331937693, nan, 1]"
19_T_brightness15.0_gamma0.8.jpg,"[3.492908233366597, nan, 1]"
2_9_contrast0.97_gamma0.96.jpg,"[3.4939696713429833, 0.3978612935243325, 4]"
39_0_gamma0.9_sharpness0.92_equalization15.0.jpg,"[3.4960539811668574, 0.37016991886961015, 2]"
46_9_brightness8.3_sharpness0.7.jpg,"[3.4986524370715415, 0.20974565404877082, 2]"
1_E_brightness3.2_sharpness0.81_contrast1.2.jpg,"[3.507479407518364, nan, 1]"
32_T_gamma1.0_contrast0.85.jpg,"[3.513495611986646, 0.5780689694731469, 4]"
6_C_sharpness0.67_brightness27.0_contrast1.1.jpg,"[3.515953956388174, nan, 1]"
24_T_contrast1.1_sharpness0.86_equalization4.6.jpg,"[3.5187341816839774, 1.1190754978666322, 2]"
28_S_contrast1.1_gamma1.0_equalization13.0.jpg,"[3.518753108546043, nan, 1]"
16_T_contrast0.87_gamma0.51_equalization6.9.jpg,"[3.5281236610320184, 1.7731800213001818, 2]"
2_3_brightness11.0_sharpness0.28.jpg,"[3.531513398266446, 0.7382016736908273, 4]"
31_7_sharpness0.39_brightness27.0_gamma0.94.jpg,"[3.5365531952433997, 0.5569613900479634, 3]"
27_I_contrast0.82_gamma0.94.jpg,"[3.540439241332497, nan, 1]"
39_7_sharpness0.75_contrast0.92_brightness8.9.jpg,"[3.541375596245103, nan, 1]"
31_C_sharpness0.71_gamma0.78_brightness7.0.jpg,"[3.541806381160338, nan, 1]"
44_9_gamma0.68_sharpness0.76_equalization11.0.jpg,"[3.547398226415264, nan, 1]"
27_T_contrast1.1_gamma0.94_equalization16.0.jpg,"[3.5535982283926013, 0.2881420947303137, 3]"
15_C_gamma0.82_sharpness0.29.jpg,"[3.5576483513716592, 0.34466068829405827, 3]"
19_1_sharpness0.62_contrast0.81.jpg,"[3.5598201938062806, 0.9830994477059214, 5]"
33_7_brightness19.0_sharpness0.85_gamma0.99.jpg,"[3.562039922945709, nan, 1]"
1_7_sharpness0.32_equalization30.0.jpg,"[3.56547057043401, 0.6244782672282672, 4]"
7_S_gamma0.82_contrast1.2_equalization5.1.jpg,"[3.576632768732427, 0.3310842191695896, 2]"
5_9_sharpness0.44_equalization9.5.jpg,"[3.576952444420916, nan, 1]"
9_2_contrast0.84_equalization31.0.jpg,"[3.577491152157725, nan, 1]"
24_P_contrast0.82_gamma1.1_equalization24.0.jpg,"[3.580181377063283, nan, 1]"
14_7_gamma0.86_contrast1.1_equalization6.0.jpg,"[3.585028312964345, 1.0566961759950004, 5]"
42_P_sharpness0.21_equalization6.2.jpg,"[3.585219884611061, nan, 1]"
46_1_gamma0.99_equalization22.0.jpg,"[3.586351054272424, nan, 1]"
25_S_sharpness0.47_brightness6.3.jpg,"[3.589858874010035, nan, 1]"
17_B_sharpness0.93_brightness17.0_contrast0.81.jpg,"[3.590555869560199, 1.3447300124221588, 2]"
29_1_gamma0.74_sharpness0.34.jpg,"[3.595403294771429, nan, 1]"
46_J_contrast1.1_gamma1.0_sharpness0.96.jpg,"[3.598325145020958, nan, 1]"
43_E_sharpness0.36_gamma0.89_brightness5.0.jpg,"[3.600039625154036, nan, 1]"
43_2_contrast0.91_brightness27.0_gamma1.0.jpg,"[3.605635241527352, nan, 1]"
9_I_sharpness0.77_gamma0.53_equalization15.0.jpg,"[3.61152404365321, nan, 1]"
46_0_gamma0.55_brightness19.0_sharpness0.15.jpg,"[3.616557322067338, nan, 1]"
38_J_sharpness0.3_brightness5.2_gamma0.87.jpg,"[3.623446488868384, nan, 1]"
37_0_contrast1.1_sharpness0.3_brightness12.0.jpg,"[3.6324629098778605, 0.4033543133102393, 2]"
14_2_contrast0.89_sharpness0.091_gamma1.0.jpg,"[3.634778093721087, nan, 1]"
16_P_contrast0.84_sharpness0.7_brightness29.0.jpg,"[3.640079556437036, nan, 1]"
47_3_gamma0.56_contrast1.2_equalization19.0.jpg,"[3.650438045531339, nan, 1]"
35_9_sharpness0.38_contrast1.0_gamma0.65.jpg,"[3.651341687740735, 1.4816071145881384, 5]"
16_S_gamma0.96_contrast1.1_equalization23.0.jpg,"[3.66444461043217, nan, 1]"
45_1_contrast1.0_sharpness0.37_gamma0.58.jpg,"[3.666425848785104, nan, 1]"
2_3_sharpness0.17_gamma0.68_brightness4.0.jpg,"[3.6666790750963143, 1.0418849538699395, 4]"
46_2_contrast0.86_sharpness0.034.jpg,"[3.668237907351299, 0.601679792757119, 3]"
12_9_gamma0.61_sharpness0.96.jpg,"[3.6740491017454544, 0.21919380907946415, 2]"
8_8_contrast1.1_sharpness0.23_brightness28.0.jpg,"[3.6794030738348837, 1.1894119978319413, 5]"
22_T_gamma0.64_equalization12.0.jpg,"[3.687661042058052, nan, 1]"
3_8_contrast0.81_brightness25.0_gamma0.88.jpg,"[3.688533902456012, nan, 1]"
47_8_gamma0.74_brightness0.97_contrast1.2.jpg,"[3.698743072194424, nan, 1]"
7_9_sharpness0.7_contrast1.1_equalization12.0.jpg,"[3.701375976513786, 0.995580601751544, 2]"
32_B_gamma0.89_contrast0.83_brightness24.0.jpg,"[3.70153027943399, nan, 1]"
24_0_contrast0.98_brightness24.0_gamma0.63.jpg,"[3.702800277876225, nan, 1]"
32_I_gamma0.63_brightness27.0.jpg,"[3.71172984345802, nan, 1]"
30_T_contrast1.0_equalization19.0.jpg,"[3.715514830607214, nan, 1]"
12_3_sharpness0.79_gamma1.0.jpg,"[3.715989455022742, 0.4788748146290964, 2]"
13_2_brightness11.0_gamma0.91_contrast0.96.jpg,"[3.717637836808409, 0.6355109969306403, 2]"
4_I_contrast1.1_sharpness0.9.jpg,"[3.720227473508933, nan, 1]"
40_J_gamma0.84_sharpness0.5_brightness8.4.jpg,"[3.726709928508949, nan, 1]"
26_Q_sharpness0.89_contrast0.96_equalization29.0.jpg,"[3.7294763503089845, 1.3308884851171605, 4]"
8_J_sharpness0.2_brightness4.7_contrast1.1.jpg,"[3.731025720082658, nan, 1]"
27_2_gamma0.76_sharpness0.38.jpg,"[3.7312963801845314, 0.17569444726568623, 2]"
6_1_sharpness0.97_gamma0.85_brightness14.0.jpg,"[3.731414283987695, nan, 1]"
13_P_gamma0.74_contrast0.91.jpg,"[3.7319537606509567, 0.4671384977698921, 2]"
38_B_sharpness0.72_equalization32.0.jpg,"[3.739847359412455, 0.23074381425239554, 2]"
24_7_brightness5.6_sharpness0.72_contrast0.83.jpg,"[3.745900641881605, nan, 1]"
40_P_sharpness0.28_contrast0.96_equalization5.2.jpg,"[3.756003575836342, nan, 1]"
44_E_sharpness0.11_contrast1.0_equalization16.0.jpg,"[3.7563476211819724, 1.3035496363080905, 2]"
31_E_sharpness0.028_equalization25.0.jpg,"[3.765924986832366, nan, 1]"
42_C_gamma1.1_sharpness0.99_equalization25.0.jpg,"[3.768561780410895, nan, 1]"
45_B_gamma0.6_contrast1.0_equalization31.0.jpg,"[3.771128006428103, nan, 1]"
45_9_gamma1.1_sharpness0.75.jpg,"[3.776134102242104, nan, 1]"
5_T_contrast1.2_sharpness0.74_equalization23.0.jpg,"[3.78151707834104, nan, 1]"
23_B_sharpness0.96_contrast0.93_equalization21.0.jpg,"[3.790160155767268, 0.36735219515911194, 2]"
42_1_contrast0.91_sharpness0.43.jpg,"[3.792579665987729, nan, 1]"
18_1_gamma0.51_brightness2.2.jpg,"[3.793405695090483, 1.1807768133154983, 2]"
27_9_contrast1.0_sharpness0.94_equalization32.0.jpg,"[3.80962036902711, nan, 1]"
2_E_contrast1.2_brightness18.0_sharpness0.54.jpg,"[3.810421999810988, nan, 1]"
20_9_contrast1.1_brightness0.68.jpg,"[3.8115533690465253, 1.2480042292403857, 2]"
46_1_gamma0.74_sharpness0.55_brightness5.6.jpg,"[3.816035669421442, 1.2364465120400585, 4]"
3_I_brightness23.0_sharpness0.87.jpg,"[3.85194480344515, nan, 1]"
1_9_gamma0.6_brightness27.0_contrast0.88.jpg,"[3.860179898516221, nan, 1]"
18_I_contrast1.1_sharpness0.54.jpg,"[3.872357031708857, 0.5265898643176038, 2]"
23_7_brightness29.0_gamma0.98_sharpness1.0.jpg,"[3.8740592092931974, 1.2286702341916835, 4]"
1_B_brightness7.6_sharpness0.91_contrast1.1.jpg,"[3.879139299200092, nan, 1]"
21_C_contrast0.86_gamma0.83.jpg,"[3.88110382028688, 1.3854436925857998, 5]"
12_3_brightness14.0_gamma0.53_contrast0.86.jpg,"[3.8844333144243164, 0.8901087386102093, 2]"
32_B_contrast0.98_gamma0.79_brightness23.0.jpg,"[3.8998584561963696, 0.6688578813968155, 2]"
31_0_gamma0.81_contrast0.95_equalization22.0.jpg,"[3.906441411395816, nan, 1]"
33_3_sharpness0.07_gamma1.0.jpg,"[3.9140233370854274, 0.8657450007730496, 2]"
2_Q_contrast1.0_gamma0.61_sharpness0.34.jpg,"[3.9200039562836695, 0.3852693188181184, 2]"
19_8_contrast1.0_brightness11.0_gamma0.88.jpg,"[3.922174541481187, 1.4127059308352599, 4]"
33_I_brightness8.2_gamma0.86_sharpness0.43.jpg,"[3.9282491556529155, 1.1194542949164497, 2]"
19_9_sharpness0.17_brightness19.0_gamma0.54.jpg,"[3.940774872649895, nan, 1]"
19_B_brightness4.0_gamma0.56.jpg,"[3.9466597670792822, 0.8967532603491941, 2]"
28_P_brightness10.0_contrast1.2_sharpness0.35.jpg,"[3.955092913863885, 0.025965010186092947, 2]"
29_1_contrast1.1_sharpness0.41_brightness15.0.jpg,"[3.961055369792269, 1.7603679162163348, 5]"
29_0_gamma0.91_contrast0.91_sharpness0.35.jpg,"[3.961940813162046, nan, 1]"
18_0_brightness22.0_sharpness0.037_contrast0.89.jpg,"[3.9625739889259295, 1.0789450665067022, 2]"
32_I_brightness29.0_gamma0.64_contrast1.1.jpg,"[3.9633371219296283, 1.2327455317464298, 4]"
14_E_sharpness0.31_contrast1.2.jpg,"[3.9659603227824, 1.4363748546967856, 2]"
16_7_gamma0.83_contrast1.0_brightness5.7.jpg,"[3.96893761307914, nan, 1]"
16_2_sharpness0.91_gamma0.82_equalization10.0.jpg,"[3.974330570833061, nan, 1]"
10_S_gamma0.53_contrast0.84.jpg,"[3.9765382273449887, 1.3912349028180842, 2]"
33_P_contrast0.9_equalization20.0.jpg,"[3.977669136407819, nan, 1]"
19_P_contrast0.94_gamma1.0.jpg,"[3.98238013535134, 1.7275237656034899, 4]"
17_E_brightness20.0_sharpness0.46.jpg,"[3.9828075969301246, 1.5347768964530775, 5]"
9_1_sharpness0.16_gamma0.72_equalization31.0.jpg,"[3.988804962190138, nan, 1]"
43_7_sharpness0.46_gamma1.0_equalization9.9.jpg,"[4.001363115388536, nan, 1]"
9_7_contrast1.1_equalization21.0.jpg,"[4.002669090582319, 1.5981731794109213, 4]"
38_C_contrast1.0_equalization17.0.jpg,"[4.00735853794361, 0.8101748538187417, 2]"
1_0_gamma0.52_contrast0.92_equalization23.0.jpg,"[4.009153832185223, 1.0975045550295242, 2]"
21_B_contrast1.2_gamma0.9_equalization22.0.jpg,"[4.036309713502476, 1.3805400538310704, 2]"
12_P_sharpness0.55_gamma0.69_equalization7.6.jpg,"[4.043005334516049, nan, 1]"
14_0_gamma0.65_contrast1.0_equalization25.0.jpg,"[4.063868887686424, 1.744370823949387, 4]"
35_I_gamma0.91_sharpness0.58.jpg,"[4.064020711533029, 1.8024541837418364, 4]"
32_B_brightness14.0_contrast0.92_gamma1.0.jpg,"[4.086713967246028, nan, 1]"
7_0_contrast1.2_gamma0.63_brightness18.0.jpg,"[4.098969071330029, nan, 1]"
42_I_brightness27.0_gamma1.0.jpg,"[4.10176956671426, nan, 1]"
1_1_gamma0.92_equalization29.0.jpg,"[4.103074765268952, 0.8987954254805968, 2]"
39_8_gamma0.98_brightness14.0_contrast1.2.jpg,"[4.112798010119839, 1.6512613539802297, 4]"
34_1_contrast1.0_equalization13.0.jpg,"[4.117646850025102, nan, 1]"
21_B_gamma1.1_sharpness0.032_brightness19.0.jpg,"[4.121646374294453, nan, 1]"
25_7_contrast1.1_equalization21.0.jpg,"[4.13298140022522, 0.8759301131781853, 2]"
7_E_brightness0.51_contrast0.9.jpg,"[4.1387202058451695, 1.7257086100830568, 5]"
8_S_sharpness0.68_equalization22.0.jpg,"[4.151674928586014, 2.1778437233647803, 4]"
22_B_brightness19.0_contrast1.0.jpg,"[4.16907245737744, nan, 1]"
1_7_contrast0.89_brightness1.2_gamma0.84.jpg,"[4.186496976382325, nan, 1]"
26_T_sharpness0.06_brightness9.8.jpg,"[4.203022839439697, nan, 1]"
4_9_contrast0.87_equalization7.7.jpg,"[4.204771693286206, 0.9330452377667273, 2]"
47_T_sharpness0.059_contrast1.0_equalization6.0.jpg,"[4.258690032338972, 1.1515800145032191, 2]"
43_T_brightness2.4_gamma0.68.jpg,"[4.262423244362893, nan, 1]"
6_J_sharpness0.35_brightness28.0_gamma0.99.jpg,"[4.2654510334880085, 1.9811237171166562, 4]"
17_8_contrast1.2_sharpness0.8_equalization17.0.jpg,"[4.267800560165939, nan, 1]"
19_9_gamma0.93_contrast0.84_sharpness0.86.jpg,"[4.270618680122085, nan, 1]"
5_7_sharpness0.99_gamma0.62_equalization10.0.jpg,"[4.281952494260904, 1.9330335950560973, 5]"
17_3_sharpness0.49_contrast1.2.jpg,"[4.289363102678144, nan, 1]"
41_P_brightness22.0_gamma1.1_sharpness0.6.jpg,"[4.304028871659287, nan, 1]"
21_C_brightness18.0_gamma0.59_sharpness0.83.jpg,"[4.315663956580718, nan, 1]"
24_P_contrast1.0_gamma0.76_brightness2.7.jpg,"[4.385169054815166, 1.9572318163019014, 5]"
20_1_sharpness0.34_brightness24.0_contrast1.0.jpg,"[4.387001678962091, nan, 1]"
12_P_contrast0.94_gamma0.79.jpg,"[4.395258976661263, 1.9159269163507555, 4]"
46_T_contrast1.1_brightness11.0_sharpness0.18.jpg,"[4.415803649313455, nan, 1]"
14_3_contrast1.2_sharpness0.43.jpg,"[4.445064289818557, nan, 1]"
10_1_sharpness0.67_gamma0.73_equalization27.0.jpg,"[4.464966741899181, nan, 1]"
4_9_contrast0.97_sharpness0.29_equalization16.0.jpg,"[4.479872561904258, nan, 1]"
34_3_contrast1.1_gamma0.82_equalization11.0.jpg,"[4.493562351257634, nan, 1]"
23_I_contrast1.2_gamma0.84.jpg,"[4.513590318221437, nan, 1]"
10_1_contrast0.9_equalization15.0.jpg,"[4.519388727499965, 0.057926648083558484, 2]"
45_T_gamma0.62_contrast1.1_equalization16.0.jpg,"[4.561914405029863, nan, 1]"
6_9_brightness14.0_contrast1.2_sharpness0.85.jpg,"[4.59333861699515, nan, 1]"
37_P_contrast1.2_gamma1.0_equalization20.0.jpg,"[4.702057529046514, nan, 1]"
4_Q_sharpness0.73_gamma0.88_equalization12.0.jpg,"[4.736763136663631, nan, 1]"
14_T_brightness27.0_gamma1.0.jpg,"[4.74307331354217, nan, 1]"
46_I_sharpness0.58_gamma0.86_equalization19.0.jpg,"[4.815819663103574, nan, 1]"
17_9_sharpness0.75_gamma0.62_equalization23.0.jpg,"[4.85858095802235, nan, 1]"
30_P_contrast1.1_brightness5.5_sharpness0.86.jpg,"[4.892946654153, nan, 1]"
3_3_sharpness0.95_gamma1.0_contrast0.81.jpg,"[4.914815569627695, nan, 1]"
28_0_contrast0.85_sharpness0.18_equalization8.7.jpg,"[4.975784415940104, nan, 1]"
33_8_brightness27.0_contrast0.82.jpg,"[5.091074760614877, nan, 1]"
21_P_sharpness0.4_brightness29.0_gamma1.0.jpg,"[5.307967977002569, nan, 1]"
45_8_sharpness0.38_gamma0.7_contrast0.98.jpg,"[5.568260644958624, nan, 1]"
38_2_sharpness0.41_gamma0.66_equalization12.0.jpg,"[5.619254271755504, nan, 1]"
24_S_brightness15.0_gamma0.98_sharpness0.0075.jpg,"[5.631136588629663, nan, 1]"
18_2_contrast1.1_sharpness0.98_equalization28.0.jpg,"[5.67158973943819, nan, 1]"
33_C_gamma0.5_brightness18.0_sharpness0.38.jpg,"[5.739295260947669, nan, 1]"
23_I_gamma0.56_sharpness0.22_brightness16.0.jpg,"[5.86178266564119, nan, 1]"
20_0_brightness16.0_sharpness0.9_contrast1.1.jpg,"[6.014232991827639, nan, 1]"
10_9_sharpness0.068_contrast0.82_brightness28.0.jpg,"[6.171828122175977, nan, 1]"
27_I_contrast0.85_gamma0.79_equalization25.0.jpg,"[6.19492360175085, nan, 1]"
5_1_sharpness0.75_gamma0.62_equalization22.0.jpg,"[6.534642735388908, nan, 1]"
47_2_contrast0.99_brightness26.0_gamma0.75.jpg,"[6.988471839854058, nan, 1]"
15_I_gamma0.53_brightness29.0_contrast1.2.jpg,"[7.557246471117665, nan, 1]"
